filename_cnf,clause_count,var_count,tseitin_var_count
../sources/cnf2tseitin/cnf/MC2022_track1-mc_public/mc2022_track1_145.cnf,43780,760,0
../sources/cnf2tseitin/cnf/MC2022_track1-mc_public/mc2022_track1_199.cnf,126997,50461,21516
../sources/cnf2tseitin/cnf/MC2022_track1-mc_public/mc2022_track1_167.cnf,579972,349990,19998
../sources/cnf2tseitin/cnf/MC2022_track1-mc_public/mc2022_track1_071.cnf,3175,729,0
../sources/cnf2tseitin/cnf/MC2022_track1-mc_public/mc2022_track1_009.cnf,288,56,0
../sources/cnf2tseitin/cnf/MC2022_track1-mc_public/mc2022_track1_111.cnf,24836,10995,3449
../sources/cnf2tseitin/cnf/MC2022_track1-mc_public/mc2022_track1_081.cnf,19478,824,0
../sources/cnf2tseitin/cnf/MC2022_track1-mc_public/mc2022_track1_001.cnf,500,200,100
../sources/cnf2tseitin/cnf/MC2022_track1-mc_public/mc2022_track1_113.cnf,899,195,0
../sources/cnf2tseitin/cnf/MC2022_track1-mc_public/mc2022_track1_151.cnf,1120,120,0
../sources/cnf2tseitin/cnf/MC2022_track1-mc_public/mc2022_track1_047.cnf,6918,381,0
../sources/cnf2tseitin/cnf/MC2022_track1-mc_public/mc2022_track1_103.cnf,2638,892,243
../sources/cnf2tseitin/cnf/MC2022_track1-mc_public/mc2022_track1_165.cnf,300,100,0
../sources/cnf2tseitin/cnf/MC2022_track1-mc_public/mc2022_track1_109.cnf,1366,320,0
../sources/cnf2tseitin/cnf/MC2022_track1-mc_public/mc2022_track1_095.cnf,43780,760,0
../sources/cnf2tseitin/cnf/MC2022_track1-mc_public/mc2022_track1_155.cnf,10544,729,0
../sources/cnf2tseitin/cnf/MC2022_track1-mc_public/mc2022_track1_149.cnf,44425,17849,8694
../sources/cnf2tseitin/cnf/MC2022_track1-mc_public/mc2022_track1_013.cnf,352,68,0
../sources/cnf2tseitin/cnf/MC2022_track1-mc_public/mc2022_track1_053.cnf,3001,3025,0
../sources/cnf2tseitin/cnf/MC2022_track1-mc_public/mc2022_track1_101.cnf,75598,1104,0
../sources/cnf2tseitin/cnf/MC2022_track1-mc_public/mc2022_track1_091.cnf,1162,249,0
../sources/cnf2tseitin/cnf/MC2022_track1-mc_public/mc2022_track1_181.cnf,10543,729,0
../sources/cnf2tseitin/cnf/MC2022_track1-mc_public/mc2022_track1_087.cnf,7345,2646,1985
../sources/cnf2tseitin/cnf/MC2022_track1-mc_public/mc2022_track1_119.cnf,1269,135,0
../sources/cnf2tseitin/cnf/MC2022_track1-mc_public/mc2022_track1_075.cnf,17634,8169,2819
../sources/cnf2tseitin/cnf/MC2022_track1-mc_public/mc2022_track1_065.cnf,5734,348,0
../sources/cnf2tseitin/cnf/MC2022_track1-mc_public/mc2022_track1_187.cnf,3246,360,0
../sources/cnf2tseitin/cnf/MC2022_track1-mc_public/mc2022_track1_003.cnf,500,200,100
../sources/cnf2tseitin/cnf/MC2022_track1-mc_public/mc2022_track1_057.cnf,20862,759,0
../sources/cnf2tseitin/cnf/MC2022_track1-mc_public/mc2022_track1_017.cnf,688,130,0
../sources/cnf2tseitin/cnf/MC2022_track1-mc_public/mc2022_track1_161.cnf,149734,3480,0
../sources/cnf2tseitin/cnf/MC2022_track1-mc_public/mc2022_track1_007.cnf,539,200,100
../sources/cnf2tseitin/cnf/MC2022_track1-mc_public/mc2022_track1_171.cnf,20963,2303,0
../sources/cnf2tseitin/cnf/MC2022_track1-mc_public/mc2022_track1_005.cnf,31454,18224,418
../sources/cnf2tseitin/cnf/MC2022_track1-mc_public/mc2022_track1_083.cnf,1373,430,13
../sources/cnf2tseitin/cnf/MC2022_track1-mc_public/mc2022_track1_153.cnf,1400,300,0
../sources/cnf2tseitin/cnf/MC2022_track1-mc_public/mc2022_track1_127.cnf,33701,630,0
../sources/cnf2tseitin/cnf/MC2022_track1-mc_public/mc2022_track1_121.cnf,20635,9386,2828
../sources/cnf2tseitin/cnf/MC2022_track1-mc_public/mc2022_track1_031.cnf,1888,777,507
../sources/cnf2tseitin/cnf/MC2022_track1-mc_public/mc2022_track1_097.cnf,43780,760,0
../sources/cnf2tseitin/cnf/MC2022_track1-mc_public/mc2022_track1_105.cnf,24552,10926,3449
../sources/cnf2tseitin/cnf/MC2022_track1-mc_public/mc2022_track1_025.cnf,2900,1201,16
../sources/cnf2tseitin/cnf/MC2022_track1-mc_public/mc2022_track1_051.cnf,2236,1060,735
../sources/cnf2tseitin/cnf/MC2022_track1-mc_public/mc2022_track1_139.cnf,19238,6615,5761
../sources/cnf2tseitin/cnf/MC2022_track1-mc_public/mc2022_track1_041.cnf,10077,6046,368
../sources/cnf2tseitin/cnf/MC2022_track1-mc_public/mc2022_track1_077.cnf,1062,250,0
../sources/cnf2tseitin/cnf/MC2022_track1-mc_public/mc2022_track1_023.cnf,760,50,0
../sources/cnf2tseitin/cnf/MC2022_track1-mc_public/mc2022_track1_107.cnf,8311,3045,1528
../sources/cnf2tseitin/cnf/MC2022_track1-mc_public/mc2022_track1_045.cnf,510,135,0
../sources/cnf2tseitin/cnf/MC2022_track1-mc_public/mc2022_track1_093.cnf,5667,2065,1060
../sources/cnf2tseitin/cnf/MC2022_track1-mc_public/mc2022_track1_059.cnf,5020,330,0
../sources/cnf2tseitin/cnf/MC2022_track1-mc_public/mc2022_track1_169.cnf,1525,150,0
../sources/cnf2tseitin/cnf/MC2022_track1-mc_public/mc2022_track1_147.cnf,1839,180,0
../sources/cnf2tseitin/cnf/MC2022_track1-mc_public/mc2022_track1_033.cnf,480,92,0
../sources/cnf2tseitin/cnf/MC2022_track1-mc_public/mc2022_track1_189.cnf,10530,729,0
../sources/cnf2tseitin/cnf/MC2022_track1-mc_public/mc2022_track1_011.cnf,321,120,60
../sources/cnf2tseitin/cnf/MC2022_track1-mc_public/mc2022_track1_183.cnf,132032,6467,208
../sources/cnf2tseitin/cnf/MC2022_track1-mc_public/mc2022_track1_039.cnf,640,120,0
../sources/cnf2tseitin/cnf/MC2022_track1-mc_public/mc2022_track1_015.cnf,564,200,100
../sources/cnf2tseitin/cnf/MC2022_track1-mc_public/mc2022_track1_055.cnf,2770,1332,908
../sources/cnf2tseitin/cnf/MC2022_track1-mc_public/mc2022_track1_195.cnf,3550,150,0
../sources/cnf2tseitin/cnf/MC2022_track1-mc_public/mc2022_track1_193.cnf,3701,312,0
../sources/cnf2tseitin/cnf/MC2022_track1-mc_public/mc2022_track1_175.cnf,3159,729,0
../sources/cnf2tseitin/cnf/MC2022_track1-mc_public/mc2022_track1_061.cnf,2494,568,197
../sources/cnf2tseitin/cnf/MC2022_track1-mc_public/mc2022_track1_063.cnf,10546,729,0
../sources/cnf2tseitin/cnf/MC2022_track1-mc_public/mc2022_track1_141.cnf,1706,400,0
../sources/cnf2tseitin/cnf/MC2022_track1-mc_public/mc2022_track1_073.cnf,920,300,9
../sources/cnf2tseitin/cnf/MC2022_track1-mc_public/mc2022_track1_085.cnf,4974,1112,393
../sources/cnf2tseitin/cnf/MC2022_track1-mc_public/mc2022_track1_137.cnf,14474,5155,4779
../sources/cnf2tseitin/cnf/MC2022_track1-mc_public/mc2022_track1_135.cnf,47963,25314,1146
../sources/cnf2tseitin/cnf/MC2022_track1-mc_public/mc2022_track1_021.cnf,1189,586,388
../sources/cnf2tseitin/cnf/MC2022_track1-mc_public/mc2022_track1_035.cnf,704,134,0
../sources/cnf2tseitin/cnf/MC2022_track1-mc_public/mc2022_track1_079.cnf,3893,1548,913
../sources/cnf2tseitin/cnf/MC2022_track1-mc_public/mc2022_track1_067.cnf,31742,8307,479
../sources/cnf2tseitin/cnf/MC2022_track1-mc_public/mc2022_track1_099.cnf,5216,1843,968
../sources/cnf2tseitin/cnf/MC2022_track1-mc_public/mc2022_track1_191.cnf,392364,9588,0
../sources/cnf2tseitin/cnf/MC2022_track1-mc_public/mc2022_track1_129.cnf,72344,900,0
../sources/cnf2tseitin/cnf/MC2022_track1-mc_public/mc2022_track1_159.cnf,3173,729,0
../sources/cnf2tseitin/cnf/MC2022_track1-mc_public/mc2022_track1_125.cnf,10545,729,0
../sources/cnf2tseitin/cnf/MC2022_track1-mc_public/mc2022_track1_037.cnf,1776,781,583
../sources/cnf2tseitin/cnf/MC2022_track1-mc_public/mc2022_track1_019.cnf,561,460,0
../sources/cnf2tseitin/cnf/MC2022_track1-mc_public/mc2022_track1_177.cnf,60716,1984,0
../sources/cnf2tseitin/cnf/MC2022_track1-mc_public/mc2022_track1_179.cnf,55202,28402,800
../sources/cnf2tseitin/cnf/MC2022_track1-mc_public/mc2022_track1_049.cnf,6191,7032,0
../sources/cnf2tseitin/cnf/MC2022_track1-mc_public/mc2022_track1_143.cnf,3174,729,0
../sources/cnf2tseitin/cnf/MC2022_track1-mc_public/mc2022_track1_117.cnf,1000,250,0
../sources/cnf2tseitin/cnf/MC2022_track1-mc_public/mc2022_track1_123.cnf,2782,304,0
../sources/cnf2tseitin/cnf/MC2022_track1-mc_public/mc2022_track1_157.cnf,53493,28110,1228
../sources/cnf2tseitin/cnf/MC2022_track1-mc_public/mc2022_track1_115.cnf,24476,10908,3449
../sources/cnf2tseitin/cnf/MC2022_track1-mc_public/mc2022_track1_197.cnf,1700,400,0
../sources/cnf2tseitin/cnf/MC2022_track1-mc_public/mc2022_track1_131.cnf,40791,9607,709
../sources/cnf2tseitin/cnf/MC2022_track1-mc_public/mc2022_track1_027.cnf,1205,1192,0
../sources/cnf2tseitin/cnf/MC2022_track1-mc_public/mc2022_track1_043.cnf,1026,240,0
../sources/cnf2tseitin/cnf/MC2022_track1-mc_public/mc2022_track1_089.cnf,3718,1128,33
../sources/cnf2tseitin/cnf/MC2022_track1-mc_public/mc2022_track1_069.cnf,57629,26824,6599
../sources/cnf2tseitin/cnf/MC2022_track1-mc_public/mc2022_track1_173.cnf,3701,312,0
../sources/cnf2tseitin/cnf/MC2022_track1-mc_public/mc2022_track1_163.cnf,43212,15011,14297
../sources/cnf2tseitin/cnf/MC2022_track1-mc_public/mc2022_track1_185.cnf,22421,7657,7312
../sources/cnf2tseitin/cnf/MC2022_track1-mc_public/mc2022_track1_029.cnf,3075,1272,17
../sources/cnf2tseitin/cnf/MC2022_track1-mc_public/mc2022_track1_133.cnf,31795,9638,6358
../sources/cnf2tseitin/cnf/MC2022_track2-wmc_public/mc2022_track2_145.cnf,22731,810,0
../sources/cnf2tseitin/cnf/MC2022_track2-wmc_public/mc2022_track2_079.cnf,15325,3882,260
../sources/cnf2tseitin/cnf/MC2022_track2-wmc_public/mc2022_track2_173.cnf,103140,23036,1363
../sources/cnf2tseitin/cnf/MC2022_track2-wmc_public/mc2022_track2_121.cnf,33701,630,0
../sources/cnf2tseitin/cnf/MC2022_track2-wmc_public/mc2022_track2_027.cnf,3020,1225,18
../sources/cnf2tseitin/cnf/MC2022_track2-wmc_public/mc2022_track2_035.cnf,3107,1258,22
../sources/cnf2tseitin/cnf/MC2022_track2-wmc_public/mc2022_track2_161.cnf,3173,729,0
../sources/cnf2tseitin/cnf/MC2022_track2-wmc_public/mc2022_track2_177.cnf,4088,576,0
../sources/cnf2tseitin/cnf/MC2022_track2-wmc_public/mc2022_track2_137.cnf,47963,25314,1146
../sources/cnf2tseitin/cnf/MC2022_track2-wmc_public/mc2022_track2_047.cnf,384,74,0
../sources/cnf2tseitin/cnf/MC2022_track2-wmc_public/mc2022_track2_129.cnf,846,120,0
../sources/cnf2tseitin/cnf/MC2022_track2-wmc_public/mc2022_track2_111.cnf,7592,448,0
../sources/cnf2tseitin/cnf/MC2022_track2-wmc_public/mc2022_track2_143.cnf,46080,7680,0
../sources/cnf2tseitin/cnf/MC2022_track2-wmc_public/mc2022_track2_015.cnf,368,70,0
../sources/cnf2tseitin/cnf/MC2022_track2-wmc_public/mc2022_track2_157.cnf,14402,5107,4756
../sources/cnf2tseitin/cnf/MC2022_track2-wmc_public/mc2022_track2_197.cnf,126997,50461,21516
../sources/cnf2tseitin/cnf/MC2022_track2-wmc_public/mc2022_track2_039.cnf,3002,1245,19
../sources/cnf2tseitin/cnf/MC2022_track2-wmc_public/mc2022_track2_167.cnf,10530,729,0
../sources/cnf2tseitin/cnf/MC2022_track2-wmc_public/mc2022_track2_115.cnf,1269,135,0
../sources/cnf2tseitin/cnf/MC2022_track2-wmc_public/mc2022_track2_113.cnf,30579,18016,349
../sources/cnf2tseitin/cnf/MC2022_track2-wmc_public/mc2022_track2_009.cnf,369,140,70
../sources/cnf2tseitin/cnf/MC2022_track2-wmc_public/mc2022_track2_041.cnf,2899,3256,0
../sources/cnf2tseitin/cnf/MC2022_track2-wmc_public/mc2022_track2_101.cnf,6893,2815,1060
../sources/cnf2tseitin/cnf/MC2022_track2-wmc_public/mc2022_track2_119.cnf,1366,170,0
../sources/cnf2tseitin/cnf/MC2022_track2-wmc_public/mc2022_track2_131.cnf,40791,9607,709
../sources/cnf2tseitin/cnf/MC2022_track2-wmc_public/mc2022_track2_191.cnf,49774,11649,908
../sources/cnf2tseitin/cnf/MC2022_track2-wmc_public/mc2022_track2_169.cnf,1474,264,0
../sources/cnf2tseitin/cnf/MC2022_track2-wmc_public/mc2022_track2_001.cnf,350,140,70
../sources/cnf2tseitin/cnf/MC2022_track2-wmc_public/mc2022_track2_151.cnf,8050,588,0
../sources/cnf2tseitin/cnf/MC2022_track2-wmc_public/mc2022_track2_189.cnf,1542437,381192,81240
../sources/cnf2tseitin/cnf/MC2022_track2-wmc_public/mc2022_track2_195.cnf,57754,23492,13141
../sources/cnf2tseitin/cnf/MC2022_track2-wmc_public/mc2022_track2_043.cnf,3181,1279,18
../sources/cnf2tseitin/cnf/MC2022_track2-wmc_public/mc2022_track2_095.cnf,120524,71634,3469
../sources/cnf2tseitin/cnf/MC2022_track2-wmc_public/mc2022_track2_071.cnf,36530,21812,418
../sources/cnf2tseitin/cnf/MC2022_track2-wmc_public/mc2022_track2_103.cnf,2152,586,243
../sources/cnf2tseitin/cnf/MC2022_track2-wmc_public/mc2022_track2_017.cnf,672,126,0
../sources/cnf2tseitin/cnf/MC2022_track2-wmc_public/mc2022_track2_085.cnf,19478,824,0
../sources/cnf2tseitin/cnf/MC2022_track2-wmc_public/mc2022_track2_199.cnf,29534,2701,0
../sources/cnf2tseitin/cnf/MC2022_track2-wmc_public/mc2022_track2_055.cnf,1709,1693,0
../sources/cnf2tseitin/cnf/MC2022_track2-wmc_public/mc2022_track2_021.cnf,352,66,0
../sources/cnf2tseitin/cnf/MC2022_track2-wmc_public/mc2022_track2_175.cnf,6748,3067,80
../sources/cnf2tseitin/cnf/MC2022_track2-wmc_public/mc2022_track2_013.cnf,255,100,50
../sources/cnf2tseitin/cnf/MC2022_track2-wmc_public/mc2022_track2_053.cnf,3144,1291,20
../sources/cnf2tseitin/cnf/MC2022_track2-wmc_public/mc2022_track2_077.cnf,3175,729,0
../sources/cnf2tseitin/cnf/MC2022_track2-wmc_public/mc2022_track2_147.cnf,1839,180,0
../sources/cnf2tseitin/cnf/MC2022_track2-wmc_public/mc2022_track2_183.cnf,12460,2701,0
../sources/cnf2tseitin/cnf/MC2022_track2-wmc_public/mc2022_track2_059.cnf,2487,2549,0
../sources/cnf2tseitin/cnf/MC2022_track2-wmc_public/mc2022_track2_109.cnf,24836,10995,3449
../sources/cnf2tseitin/cnf/MC2022_track2-wmc_public/mc2022_track2_141.cnf,19474,6725,5838
../sources/cnf2tseitin/cnf/MC2022_track2-wmc_public/mc2022_track2_165.cnf,132032,6467,208
../sources/cnf2tseitin/cnf/MC2022_track2-wmc_public/mc2022_track2_181.cnf,2216,520,0
../sources/cnf2tseitin/cnf/MC2022_track2-wmc_public/mc2022_track2_045.cnf,416,78,0
../sources/cnf2tseitin/cnf/MC2022_track2-wmc_public/mc2022_track2_037.cnf,1888,777,507
../sources/cnf2tseitin/cnf/MC2022_track2-wmc_public/mc2022_track2_005.cnf,250,100,50
../sources/cnf2tseitin/cnf/MC2022_track2-wmc_public/mc2022_track2_023.cnf,2219,2415,0
../sources/cnf2tseitin/cnf/MC2022_track2-wmc_public/mc2022_track2_163.cnf,2753207,22110,0
../sources/cnf2tseitin/cnf/MC2022_track2-wmc_public/mc2022_track2_155.cnf,10544,729,0
../sources/cnf2tseitin/cnf/MC2022_track2-wmc_public/mc2022_track2_105.cnf,8914,3498,2433
../sources/cnf2tseitin/cnf/MC2022_track2-wmc_public/mc2022_track2_065.cnf,10735,12264,0
../sources/cnf2tseitin/cnf/MC2022_track2-wmc_public/mc2022_track2_123.cnf,2746,267,0
../sources/cnf2tseitin/cnf/MC2022_track2-wmc_public/mc2022_track2_107.cnf,1366,320,0
../sources/cnf2tseitin/cnf/MC2022_track2-wmc_public/mc2022_track2_057.cnf,10077,6046,368
../sources/cnf2tseitin/cnf/MC2022_track2-wmc_public/mc2022_track2_087.cnf,3272,279,0
../sources/cnf2tseitin/cnf/MC2022_track2-wmc_public/mc2022_track2_011.cnf,523,200,100
../sources/cnf2tseitin/cnf/MC2022_track2-wmc_public/mc2022_track2_159.cnf,3173,729,0
../sources/cnf2tseitin/cnf/MC2022_track2-wmc_public/mc2022_track2_029.cnf,2867,1186,16
../sources/cnf2tseitin/cnf/MC2022_track2-wmc_public/mc2022_track2_025.cnf,2629,2977,0
../sources/cnf2tseitin/cnf/MC2022_track2-wmc_public/mc2022_track2_067.cnf,511,98,0
../sources/cnf2tseitin/cnf/MC2022_track2-wmc_public/mc2022_track2_093.cnf,4669,1736,1547
../sources/cnf2tseitin/cnf/MC2022_track2-wmc_public/mc2022_track2_139.cnf,1280,225,0
../sources/cnf2tseitin/cnf/MC2022_track2-wmc_public/mc2022_track2_125.cnf,1533,360,0
../sources/cnf2tseitin/cnf/MC2022_track2-wmc_public/mc2022_track2_135.cnf,591498,327785,2181
../sources/cnf2tseitin/cnf/MC2022_track2-wmc_public/mc2022_track2_091.cnf,1898,272,0
../sources/cnf2tseitin/cnf/MC2022_track2-wmc_public/mc2022_track2_033.cnf,722,168,0
../sources/cnf2tseitin/cnf/MC2022_track2-wmc_public/mc2022_track2_073.cnf,5734,348,0
../sources/cnf2tseitin/cnf/MC2022_track2-wmc_public/mc2022_track2_193.cnf,57946,25615,9241
../sources/cnf2tseitin/cnf/MC2022_track2-wmc_public/mc2022_track2_127.cnf,2166,240,0
../sources/cnf2tseitin/cnf/MC2022_track2-wmc_public/mc2022_track2_061.cnf,2437,2501,0
../sources/cnf2tseitin/cnf/MC2022_track2-wmc_public/mc2022_track2_063.cnf,2236,1060,735
../sources/cnf2tseitin/cnf/MC2022_track2-wmc_public/mc2022_track2_153.cnf,92274,21521,1440
../sources/cnf2tseitin/cnf/MC2022_track2-wmc_public/mc2022_track2_031.cnf,2990,1255,18
../sources/cnf2tseitin/cnf/MC2022_track2-wmc_public/mc2022_track2_089.cnf,43222,23527,1121
../sources/cnf2tseitin/cnf/MC2022_track2-wmc_public/mc2022_track2_133.cnf,44670,24488,1245
../sources/cnf2tseitin/cnf/MC2022_track2-wmc_public/mc2022_track2_187.cnf,6085,2726,1
../sources/cnf2tseitin/cnf/MC2022_track2-wmc_public/mc2022_track2_149.cnf,44709,17918,8694
../sources/cnf2tseitin/cnf/MC2022_track2-wmc_public/mc2022_track2_185.cnf,13817,8293,290
../sources/cnf2tseitin/cnf/MC2022_track2-wmc_public/mc2022_track2_171.cnf,266967,2301,0
../sources/cnf2tseitin/cnf/MC2022_track2-wmc_public/mc2022_track2_049.cnf,1964,795,507
../sources/cnf2tseitin/cnf/MC2022_track2-wmc_public/mc2022_track2_051.cnf,393,130,0
../sources/cnf2tseitin/cnf/MC2022_track2-wmc_public/mc2022_track2_099.cnf,7454,1656,589
../sources/cnf2tseitin/cnf/MC2022_track2-wmc_public/mc2022_track2_075.cnf,8732,3766,1426
../sources/cnf2tseitin/cnf/MC2022_track2-wmc_public/mc2022_track2_117.cnf,20635,9386,2828
../sources/cnf2tseitin/cnf/MC2022_track2-wmc_public/mc2022_track2_019.cnf,1275,210,0
../sources/cnf2tseitin/cnf/MC2022_track2-wmc_public/mc2022_track2_003.cnf,499,200,99
../sources/cnf2tseitin/cnf/MC2022_track2-wmc_public/mc2022_track2_081.cnf,56116,33667,263
../sources/cnf2tseitin/cnf/MC2022_track2-wmc_public/mc2022_track2_083.cnf,8579,2226,229
../sources/cnf2tseitin/cnf/MC2022_track2-wmc_public/mc2022_track2_069.cnf,58065,2450,0
../sources/cnf2tseitin/cnf/MC2022_track2-wmc_public/mc2022_track2_097.cnf,1162,249,0
../sources/cnf2tseitin/cnf/MC2022_track2-wmc_public/mc2022_track2_179.cnf,2046,480,0
../sources/cnf2tseitin/cnf/MC2022_track2-wmc_public/mc2022_track2_007.cnf,360,140,70
../sources/cnf2tseitin/cnf/MC2023_track1-mc-private/mc2023_track1_170.cnf,24098,8146,7884
../sources/cnf2tseitin/cnf/MC2023_track1-mc-private/mc2023_track1_144.cnf,234,90,0
../sources/cnf2tseitin/cnf/MC2023_track1-mc-private/mc2023_track1_044.cnf,8918,3383,2347
../sources/cnf2tseitin/cnf/MC2023_track1-mc-private/mc2023_track1_154.cnf,22731,810,0
../sources/cnf2tseitin/cnf/MC2023_track1-mc-private/mc2023_track1_158.cnf,20199,6870,6608
../sources/cnf2tseitin/cnf/MC2023_track1-mc-private/mc2023_track1_054.cnf,30937,22165,77
../sources/cnf2tseitin/cnf/MC2023_track1-mc-private/mc2023_track1_038.cnf,33889,18286,720
../sources/cnf2tseitin/cnf/MC2023_track1-mc-private/mc2023_track1_108.cnf,270,90,0
../sources/cnf2tseitin/cnf/MC2023_track1-mc-private/mc2023_track1_160.cnf,3100,500,0
../sources/cnf2tseitin/cnf/MC2023_track1-mc-private/mc2023_track1_096.cnf,10101,4131,1528
../sources/cnf2tseitin/cnf/MC2023_track1-mc-private/mc2023_track1_030.cnf,9425,8442,31
../sources/cnf2tseitin/cnf/MC2023_track1-mc-private/mc2023_track1_022.cnf,693,431,0
../sources/cnf2tseitin/cnf/MC2023_track1-mc-private/mc2023_track1_082.cnf,3086,3807,23
../sources/cnf2tseitin/cnf/MC2023_track1-mc-private/mc2023_track1_100.cnf,67419,16767,14868
../sources/cnf2tseitin/cnf/MC2023_track1-mc-private/mc2023_track1_112.cnf,64001,1600,0
../sources/cnf2tseitin/cnf/MC2023_track1-mc-private/mc2023_track1_152.cnf,110593,2304,0
../sources/cnf2tseitin/cnf/MC2023_track1-mc-private/mc2023_track1_046.cnf,23842,735,0
../sources/cnf2tseitin/cnf/MC2023_track1-mc-private/mc2023_track1_062.cnf,31693,9365,1997
../sources/cnf2tseitin/cnf/MC2023_track1-mc-private/mc2023_track1_092.cnf,899,195,0
../sources/cnf2tseitin/cnf/MC2023_track1-mc-private/mc2023_track1_012.cnf,47546,87886,816
../sources/cnf2tseitin/cnf/MC2023_track1-mc-private/mc2023_track1_076.cnf,5216,1843,968
../sources/cnf2tseitin/cnf/MC2023_track1-mc-private/mc2023_track1_080.cnf,44230,24388,1303
../sources/cnf2tseitin/cnf/MC2023_track1-mc-private/mc2023_track1_110.cnf,65874,16162,14651
../sources/cnf2tseitin/cnf/MC2023_track1-mc-private/mc2023_track1_120.cnf,270,90,0
../sources/cnf2tseitin/cnf/MC2023_track1-mc-private/mc2023_track1_180.cnf,234,90,0
../sources/cnf2tseitin/cnf/MC2023_track1-mc-private/mc2023_track1_126.cnf,32839,25528,642
../sources/cnf2tseitin/cnf/MC2023_track1-mc-private/mc2023_track1_058.cnf,3100,500,0
../sources/cnf2tseitin/cnf/MC2023_track1-mc-private/mc2023_track1_010.cnf,17634,8169,2819
../sources/cnf2tseitin/cnf/MC2023_track1-mc-private/mc2023_track1_090.cnf,6809,2687,968
../sources/cnf2tseitin/cnf/MC2023_track1-mc-private/mc2023_track1_124.cnf,350221,18616,143
../sources/cnf2tseitin/cnf/MC2023_track1-mc-private/mc2023_track1_166.cnf,10530,729,0
../sources/cnf2tseitin/cnf/MC2023_track1-mc-private/mc2023_track1_130.cnf,270,90,0
../sources/cnf2tseitin/cnf/MC2023_track1-mc-private/mc2023_track1_192.cnf,3172,729,0
../sources/cnf2tseitin/cnf/MC2023_track1-mc-private/mc2023_track1_162.cnf,41764,14245,13817
../sources/cnf2tseitin/cnf/MC2023_track1-mc-private/mc2023_track1_176.cnf,75918,22947,744
../sources/cnf2tseitin/cnf/MC2023_track1-mc-private/mc2023_track1_116.cnf,46412,24769,591
../sources/cnf2tseitin/cnf/MC2023_track1-mc-private/mc2023_track1_004.cnf,1951,525,0
../sources/cnf2tseitin/cnf/MC2023_track1-mc-private/mc2023_track1_008.cnf,27626,6856,6159
../sources/cnf2tseitin/cnf/MC2023_track1-mc-private/mc2023_track1_026.cnf,5920,3857,100
../sources/cnf2tseitin/cnf/MC2023_track1-mc-private/mc2023_track1_102.cnf,22451,7238,3118
../sources/cnf2tseitin/cnf/MC2023_track1-mc-private/mc2023_track1_122.cnf,33052,25615,651
../sources/cnf2tseitin/cnf/MC2023_track1-mc-private/mc2023_track1_182.cnf,50402,17131,16223
../sources/cnf2tseitin/cnf/MC2023_track1-mc-private/mc2023_track1_040.cnf,5917,4622,42
../sources/cnf2tseitin/cnf/MC2023_track1-mc-private/mc2023_track1_198.cnf,186615,4114,0
../sources/cnf2tseitin/cnf/MC2023_track1-mc-private/mc2023_track1_000.cnf,1680,450,0
../sources/cnf2tseitin/cnf/MC2023_track1-mc-private/mc2023_track1_098.cnf,2782,304,0
../sources/cnf2tseitin/cnf/MC2023_track1-mc-private/mc2023_track1_164.cnf,1234477,296258,277563
../sources/cnf2tseitin/cnf/MC2023_track1-mc-private/mc2023_track1_168.cnf,3100,500,0
../sources/cnf2tseitin/cnf/MC2023_track1-mc-private/mc2023_track1_084.cnf,2152,586,243
../sources/cnf2tseitin/cnf/MC2023_track1-mc-private/mc2023_track1_016.cnf,96849,729,0
../sources/cnf2tseitin/cnf/MC2023_track1-mc-private/mc2023_track1_114.cnf,58273,21224,18242
../sources/cnf2tseitin/cnf/MC2023_track1-mc-private/mc2023_track1_032.cnf,499409,192958,63516
../sources/cnf2tseitin/cnf/MC2023_track1-mc-private/mc2023_track1_074.cnf,2237,600,0
../sources/cnf2tseitin/cnf/MC2023_track1-mc-private/mc2023_track1_060.cnf,26242,9531,8642
../sources/cnf2tseitin/cnf/MC2023_track1-mc-private/mc2023_track1_048.cnf,2237,600,0
../sources/cnf2tseitin/cnf/MC2023_track1-mc-private/mc2023_track1_148.cnf,63942,33559,903
../sources/cnf2tseitin/cnf/MC2023_track1-mc-private/mc2023_track1_086.cnf,8820,3435,2402
../sources/cnf2tseitin/cnf/MC2023_track1-mc-private/mc2023_track1_006.cnf,3175,729,0
../sources/cnf2tseitin/cnf/MC2023_track1-mc-private/mc2023_track1_196.cnf,33882,13793,332
../sources/cnf2tseitin/cnf/MC2023_track1-mc-private/mc2023_track1_172.cnf,81492,27719,26730
../sources/cnf2tseitin/cnf/MC2023_track1-mc-private/mc2023_track1_188.cnf,14613,5248,4825
../sources/cnf2tseitin/cnf/MC2023_track1-mc-private/mc2023_track1_194.cnf,123849,36667,1266
../sources/cnf2tseitin/cnf/MC2023_track1-mc-private/mc2023_track1_050.cnf,42876,1225,0
../sources/cnf2tseitin/cnf/MC2023_track1-mc-private/mc2023_track1_174.cnf,150362,105713,4065
../sources/cnf2tseitin/cnf/MC2023_track1-mc-private/mc2023_track1_070.cnf,70464,17299,15727
../sources/cnf2tseitin/cnf/MC2023_track1-mc-private/mc2023_track1_140.cnf,9201,510,0
../sources/cnf2tseitin/cnf/MC2023_track1-mc-private/mc2023_track1_118.cnf,234,90,0
../sources/cnf2tseitin/cnf/MC2023_track1-mc-private/mc2023_track1_078.cnf,36121,19020,602
../sources/cnf2tseitin/cnf/MC2023_track1-mc-private/mc2023_track1_184.cnf,178409,43708,39604
../sources/cnf2tseitin/cnf/MC2023_track1-mc-private/mc2023_track1_088.cnf,8311,3045,1528
../sources/cnf2tseitin/cnf/MC2023_track1-mc-private/mc2023_track1_132.cnf,91126,2025,0
../sources/cnf2tseitin/cnf/MC2023_track1-mc-private/mc2023_track1_150.cnf,19157,6557,5734
../sources/cnf2tseitin/cnf/MC2023_track1-mc-private/mc2023_track1_190.cnf,48012,14924,538
../sources/cnf2tseitin/cnf/MC2023_track1-mc-private/mc2023_track1_178.cnf,560562,136516,125608
../sources/cnf2tseitin/cnf/MC2023_track1-mc-private/mc2023_track1_104.cnf,10545,729,0
../sources/cnf2tseitin/cnf/MC2023_track1-mc-private/mc2023_track1_036.cnf,65329,113298,1076
../sources/cnf2tseitin/cnf/MC2023_track1-mc-private/mc2023_track1_066.cnf,6360,2297,2106
../sources/cnf2tseitin/cnf/MC2023_track1-mc-private/mc2023_track1_068.cnf,43118,14948,14266
../sources/cnf2tseitin/cnf/MC2023_track1-mc-private/mc2023_track1_138.cnf,234,90,0
../sources/cnf2tseitin/cnf/MC2023_track1-mc-private/mc2023_track1_064.cnf,37483,10660,2596
../sources/cnf2tseitin/cnf/MC2023_track1-mc-private/mc2023_track1_042.cnf,3100,500,0
../sources/cnf2tseitin/cnf/MC2023_track1-mc-private/mc2023_track1_134.cnf,15616,900,0
../sources/cnf2tseitin/cnf/MC2023_track1-mc-private/mc2023_track1_056.cnf,5667,2065,1060
../sources/cnf2tseitin/cnf/MC2023_track1-mc-private/mc2023_track1_094.cnf,39374,9797,8794
../sources/cnf2tseitin/cnf/MC2023_track1-mc-private/mc2023_track1_028.cnf,7241,771,9
../sources/cnf2tseitin/cnf/MC2023_track1-mc-private/mc2023_track1_072.cnf,49510,14685,10179
../sources/cnf2tseitin/cnf/MC2023_track1-mc-private/mc2023_track1_142.cnf,19284,6646,5776
../sources/cnf2tseitin/cnf/MC2023_track1-mc-private/mc2023_track1_002.cnf,26556,16107,999
../sources/cnf2tseitin/cnf/MC2023_track1-mc-private/mc2023_track1_128.cnf,107398,54600,398
../sources/cnf2tseitin/cnf/MC2023_track1-mc-private/mc2023_track1_014.cnf,1539,1548,51
../sources/cnf2tseitin/cnf/MC2023_track1-mc-private/mc2023_track1_024.cnf,3100,500,0
../sources/cnf2tseitin/cnf/MC2023_track1-mc-private/mc2023_track1_018.cnf,56116,33667,263
../sources/cnf2tseitin/cnf/MC2023_track1-mc-private/mc2023_track1_156.cnf,8050,588,0
../sources/cnf2tseitin/cnf/MC2023_track1-mc-private/mc2023_track1_146.cnf,86333,28701,28343
../sources/cnf2tseitin/cnf/MC2023_track1-mc-private/mc2023_track1_034.cnf,1898,272,0
../sources/cnf2tseitin/cnf/MC2023_track1-mc-private/mc2023_track1_020.cnf,23006,17849,146
../sources/cnf2tseitin/cnf/MC2023_track1-mc-private/mc2023_track1_136.cnf,133080,900,0
../sources/cnf2tseitin/cnf/MC2023_track1-mc-private/mc2023_track1_186.cnf,8286,4636,67
../sources/cnf2tseitin/cnf/MC2023_track1-mc-private/mc2023_track1_106.cnf,270,90,0
../sources/cnf2tseitin/cnf/MC2023_track1-mc-private/mc2023_track1_052.cnf,3438371,4623417,43560
../sources/cnf2tseitin/cnf/MC2023_track1-mc_public/mc2023_track1_051.cnf,82069,137358,1096
../sources/cnf2tseitin/cnf/MC2023_track1-mc_public/mc2023_track1_121.cnf,14492,5201,4786
../sources/cnf2tseitin/cnf/MC2023_track1-mc_public/mc2023_track1_007.cnf,14565,3727,3234
../sources/cnf2tseitin/cnf/MC2023_track1-mc_public/mc2023_track1_147.cnf,66506,35232,857
../sources/cnf2tseitin/cnf/MC2023_track1-mc_public/mc2023_track1_129.cnf,74089,1764,0
../sources/cnf2tseitin/cnf/MC2023_track1-mc_public/mc2023_track1_009.cnf,36291,8978,8124
../sources/cnf2tseitin/cnf/MC2023_track1-mc_public/mc2023_track1_103.cnf,85700,20977,19095
../sources/cnf2tseitin/cnf/MC2023_track1-mc_public/mc2023_track1_185.cnf,22421,7657,7312
../sources/cnf2tseitin/cnf/MC2023_track1-mc_public/mc2023_track1_023.cnf,1951,525,0
../sources/cnf2tseitin/cnf/MC2023_track1-mc_public/mc2023_track1_109.cnf,252,90,0
../sources/cnf2tseitin/cnf/MC2023_track1-mc_public/mc2023_track1_053.cnf,39066,11024,2757
../sources/cnf2tseitin/cnf/MC2023_track1-mc_public/mc2023_track1_069.cnf,43698,23091,1051
../sources/cnf2tseitin/cnf/MC2023_track1-mc_public/mc2023_track1_115.cnf,252,90,0
../sources/cnf2tseitin/cnf/MC2023_track1-mc_public/mc2023_track1_089.cnf,71937,42844,523
../sources/cnf2tseitin/cnf/MC2023_track1-mc_public/mc2023_track1_065.cnf,30499,9101,1863
../sources/cnf2tseitin/cnf/MC2023_track1-mc_public/mc2023_track1_061.cnf,46657,1296,0
../sources/cnf2tseitin/cnf/MC2023_track1-mc_public/mc2023_track1_097.cnf,234,90,0
../sources/cnf2tseitin/cnf/MC2023_track1-mc_public/mc2023_track1_019.cnf,49406,90242,956
../sources/cnf2tseitin/cnf/MC2023_track1-mc_public/mc2023_track1_093.cnf,7592,448,0
../sources/cnf2tseitin/cnf/MC2023_track1-mc_public/mc2023_track1_037.cnf,6871,2811,1974
../sources/cnf2tseitin/cnf/MC2023_track1-mc_public/mc2023_track1_077.cnf,3100,500,0
../sources/cnf2tseitin/cnf/MC2023_track1-mc_public/mc2023_track1_029.cnf,1386,839,0
../sources/cnf2tseitin/cnf/MC2023_track1-mc_public/mc2023_track1_047.cnf,527595,108508,6159
../sources/cnf2tseitin/cnf/MC2023_track1-mc_public/mc2023_track1_117.cnf,78082,20192,12696
../sources/cnf2tseitin/cnf/MC2023_track1-mc_public/mc2023_track1_193.cnf,178699,61933,50413
../sources/cnf2tseitin/cnf/MC2023_track1-mc_public/mc2023_track1_155.cnf,207647,50267,46478
../sources/cnf2tseitin/cnf/MC2023_track1-mc_public/mc2023_track1_101.cnf,137646,217363,1196
../sources/cnf2tseitin/cnf/MC2023_track1-mc_public/mc2023_track1_143.cnf,133551,104913,2633
../sources/cnf2tseitin/cnf/MC2023_track1-mc_public/mc2023_track1_033.cnf,42348,10481,9438
../sources/cnf2tseitin/cnf/MC2023_track1-mc_public/mc2023_track1_087.cnf,17473,5578,1126
../sources/cnf2tseitin/cnf/MC2023_track1-mc_public/mc2023_track1_001.cnf,57629,26824,6599
../sources/cnf2tseitin/cnf/MC2023_track1-mc_public/mc2023_track1_173.cnf,3550,150,0
../sources/cnf2tseitin/cnf/MC2023_track1-mc_public/mc2023_track1_157.cnf,20034,6816,6554
../sources/cnf2tseitin/cnf/MC2023_track1-mc_public/mc2023_track1_137.cnf,3100,500,0
../sources/cnf2tseitin/cnf/MC2023_track1-mc_public/mc2023_track1_189.cnf,286839,65259,32411
../sources/cnf2tseitin/cnf/MC2023_track1-mc_public/mc2023_track1_169.cnf,31325,1200,0
../sources/cnf2tseitin/cnf/MC2023_track1-mc_public/mc2023_track1_059.cnf,3100,500,0
../sources/cnf2tseitin/cnf/MC2023_track1-mc_public/mc2023_track1_191.cnf,540145,130982,111911
../sources/cnf2tseitin/cnf/MC2023_track1-mc_public/mc2023_track1_055.cnf,28906,8740,1668
../sources/cnf2tseitin/cnf/MC2023_track1-mc_public/mc2023_track1_123.cnf,234,90,0
../sources/cnf2tseitin/cnf/MC2023_track1-mc_public/mc2023_track1_005.cnf,3239,354,0
../sources/cnf2tseitin/cnf/MC2023_track1-mc_public/mc2023_track1_151.cnf,18764,6250,5603
../sources/cnf2tseitin/cnf/MC2023_track1-mc_public/mc2023_track1_049.cnf,14839,3754,3317
../sources/cnf2tseitin/cnf/MC2023_track1-mc_public/mc2023_track1_107.cnf,2066,288,0
../sources/cnf2tseitin/cnf/MC2023_track1-mc_public/mc2023_track1_045.cnf,6191,4938,48
../sources/cnf2tseitin/cnf/MC2023_track1-mc_public/mc2023_track1_073.cnf,24593,6139,5461
../sources/cnf2tseitin/cnf/MC2023_track1-mc_public/mc2023_track1_153.cnf,60764,14853,13546
../sources/cnf2tseitin/cnf/MC2023_track1-mc_public/mc2023_track1_083.cnf,108080,784,0
../sources/cnf2tseitin/cnf/MC2023_track1-mc_public/mc2023_track1_167.cnf,270,90,0
../sources/cnf2tseitin/cnf/MC2023_track1-mc_public/mc2023_track1_131.cnf,48081,25779,779
../sources/cnf2tseitin/cnf/MC2023_track1-mc_public/mc2023_track1_161.cnf,22453,7238,3118
../sources/cnf2tseitin/cnf/MC2023_track1-mc_public/mc2023_track1_171.cnf,6483,2203,3
../sources/cnf2tseitin/cnf/MC2023_track1-mc_public/mc2023_track1_015.cnf,28896,16099,272
../sources/cnf2tseitin/cnf/MC2023_track1-mc_public/mc2023_track1_165.cnf,126997,50461,21516
../sources/cnf2tseitin/cnf/MC2023_track1-mc_public/mc2023_track1_091.cnf,35559,19020,602
../sources/cnf2tseitin/cnf/MC2023_track1-mc_public/mc2023_track1_119.cnf,124485,37821,22486
../sources/cnf2tseitin/cnf/MC2023_track1-mc_public/mc2023_track1_095.cnf,158109,158705,1522
../sources/cnf2tseitin/cnf/MC2023_track1-mc_public/mc2023_track1_141.cnf,14519,5185,4794
../sources/cnf2tseitin/cnf/MC2023_track1-mc_public/mc2023_track1_011.cnf,1680,450,0
../sources/cnf2tseitin/cnf/MC2023_track1-mc_public/mc2023_track1_195.cnf,52802,27302,600
../sources/cnf2tseitin/cnf/MC2023_track1-mc_public/mc2023_track1_163.cnf,270,90,0
../sources/cnf2tseitin/cnf/MC2023_track1-mc_public/mc2023_track1_187.cnf,3100,500,0
../sources/cnf2tseitin/cnf/MC2023_track1-mc_public/mc2023_track1_031.cnf,6674,2649,1905
../sources/cnf2tseitin/cnf/MC2023_track1-mc_public/mc2023_track1_181.cnf,132032,6467,208
../sources/cnf2tseitin/cnf/MC2023_track1-mc_public/mc2023_track1_063.cnf,3100,500,0
../sources/cnf2tseitin/cnf/MC2023_track1-mc_public/mc2023_track1_135.cnf,240,80,0
../sources/cnf2tseitin/cnf/MC2023_track1-mc_public/mc2023_track1_125.cnf,104119,83569,2283
../sources/cnf2tseitin/cnf/MC2023_track1-mc_public/mc2023_track1_071.cnf,106226,172183,1176
../sources/cnf2tseitin/cnf/MC2023_track1-mc_public/mc2023_track1_159.cnf,24680,5667,761
../sources/cnf2tseitin/cnf/MC2023_track1-mc_public/mc2023_track1_183.cnf,10543,729,0
../sources/cnf2tseitin/cnf/MC2023_track1-mc_public/mc2023_track1_035.cnf,3100,500,0
../sources/cnf2tseitin/cnf/MC2023_track1-mc_public/mc2023_track1_179.cnf,124596,84721,3301
../sources/cnf2tseitin/cnf/MC2023_track1-mc_public/mc2023_track1_085.cnf,2638,892,243
../sources/cnf2tseitin/cnf/MC2023_track1-mc_public/mc2023_track1_149.cnf,3174,729,0
../sources/cnf2tseitin/cnf/MC2023_track1-mc_public/mc2023_track1_111.cnf,234,90,0
../sources/cnf2tseitin/cnf/MC2023_track1-mc_public/mc2023_track1_079.cnf,6893,2815,1060
../sources/cnf2tseitin/cnf/MC2023_track1-mc_public/mc2023_track1_041.cnf,6312,2286,136
../sources/cnf2tseitin/cnf/MC2023_track1-mc_public/mc2023_track1_067.cnf,31296,9275,1950
../sources/cnf2tseitin/cnf/MC2023_track1-mc_public/mc2023_track1_027.cnf,5269,1916,1134
../sources/cnf2tseitin/cnf/MC2023_track1-mc_public/mc2023_track1_133.cnf,149118,44805,27489
../sources/cnf2tseitin/cnf/MC2023_track1-mc_public/mc2023_track1_145.cnf,240,80,0
../sources/cnf2tseitin/cnf/MC2023_track1-mc_public/mc2023_track1_013.cnf,11996,83825,207
../sources/cnf2tseitin/cnf/MC2023_track1-mc_public/mc2023_track1_039.cnf,6020,2223,73
../sources/cnf2tseitin/cnf/MC2023_track1-mc_public/mc2023_track1_003.cnf,1065,250,0
../sources/cnf2tseitin/cnf/MC2023_track1-mc_public/mc2023_track1_105.cnf,38505,11557,6808
../sources/cnf2tseitin/cnf/MC2023_track1-mc_public/mc2023_track1_177.cnf,20963,2303,0
../sources/cnf2tseitin/cnf/MC2023_track1-mc_public/mc2023_track1_075.cnf,7998,2877,2131
../sources/cnf2tseitin/cnf/MC2023_track1-mc_public/mc2023_track1_139.cnf,175549,42923,39169
../sources/cnf2tseitin/cnf/MC2023_track1-mc_public/mc2023_track1_199.cnf,504,84,0
../sources/cnf2tseitin/cnf/MC2023_track1-mc_public/mc2023_track1_175.cnf,2703,332,0
../sources/cnf2tseitin/cnf/MC2023_track1-mc_public/mc2023_track1_025.cnf,8105,6848,48
../sources/cnf2tseitin/cnf/MC2023_track1-mc_public/mc2023_track1_099.cnf,94947,23246,21294
../sources/cnf2tseitin/cnf/MC2023_track1-mc_public/mc2023_track1_057.cnf,35961,10312,2436
../sources/cnf2tseitin/cnf/MC2023_track1-mc_public/mc2023_track1_113.cnf,23004,7759,7339
../sources/cnf2tseitin/cnf/MC2023_track1-mc_public/mc2023_track1_017.cnf,96849,729,0
../sources/cnf2tseitin/cnf/MC2023_track1-mc_public/mc2023_track1_021.cnf,43262,22032,400
../sources/cnf2tseitin/cnf/MC2023_track1-mc_public/mc2023_track1_043.cnf,3862,1985,1280
../sources/cnf2tseitin/cnf/MC2023_track1-mc_public/mc2023_track1_197.cnf,1166,231,0
../sources/cnf2tseitin/cnf/MC2023_track1-mc_public/mc2023_track1_081.cnf,75598,1104,0
../sources/cnf2tseitin/cnf/MC2023_track1-mc_public/mc2023_track1_127.cnf,2394,336,0
../sources/cnf2tseitin/cnf/MC2023_track2-wmc_private/mc2023_mc2023_track2_174.cnf,3100,500,0
../sources/cnf2tseitin/cnf/MC2023_track2-wmc_private/mc2023_mc2023_track2_074.cnf,2152,586,243
../sources/cnf2tseitin/cnf/MC2023_track2-wmc_private/mc2023_mc2023_track2_030.cnf,3100,500,0
../sources/cnf2tseitin/cnf/MC2023_track2-wmc_private/mc2023_mc2023_track2_198.cnf,587752,338800,14325
../sources/cnf2tseitin/cnf/MC2023_track2-wmc_private/mc2023_mc2023_track2_018.cnf,16770,2471,0
../sources/cnf2tseitin/cnf/MC2023_track2-wmc_private/mc2023_mc2023_track2_108.cnf,57268,20896,17932
../sources/cnf2tseitin/cnf/MC2023_track2-wmc_private/mc2023_mc2023_track2_142.cnf,18715,6218,5587
../sources/cnf2tseitin/cnf/MC2023_track2-wmc_private/mc2023_mc2023_track2_020.cnf,7882,6847,23
../sources/cnf2tseitin/cnf/MC2023_track2-wmc_private/mc2023_mc2023_track2_084.cnf,7592,448,0
../sources/cnf2tseitin/cnf/MC2023_track2-wmc_private/mc2023_mc2023_track2_180.cnf,1474,264,0
../sources/cnf2tseitin/cnf/MC2023_track2-wmc_private/mc2023_mc2023_track2_152.cnf,22658,17831,114
../sources/cnf2tseitin/cnf/MC2023_track2-wmc_private/mc2023_mc2023_track2_050.cnf,39487,11118,2793
../sources/cnf2tseitin/cnf/MC2023_track2-wmc_private/mc2023_mc2023_track2_150.cnf,20318,6909,6647
../sources/cnf2tseitin/cnf/MC2023_track2-wmc_private/mc2023_mc2023_track2_058.cnf,103266,168487,1096
../sources/cnf2tseitin/cnf/MC2023_track2-wmc_private/mc2023_mc2023_track2_006.cnf,7106,387,0
../sources/cnf2tseitin/cnf/MC2023_track2-wmc_private/mc2023_mc2023_track2_044.cnf,527595,108508,6159
../sources/cnf2tseitin/cnf/MC2023_track2-wmc_private/mc2023_mc2023_track2_082.cnf,5216,1843,968
../sources/cnf2tseitin/cnf/MC2023_track2-wmc_private/mc2023_mc2023_track2_120.cnf,6471,4185,26
../sources/cnf2tseitin/cnf/MC2023_track2-wmc_private/mc2023_mc2023_track2_012.cnf,453,350,11
../sources/cnf2tseitin/cnf/MC2023_track2-wmc_private/mc2023_mc2023_track2_052.cnf,35008,20203,332
../sources/cnf2tseitin/cnf/MC2023_track2-wmc_private/mc2023_mc2023_track2_114.cnf,270,90,0
../sources/cnf2tseitin/cnf/MC2023_track2-wmc_private/mc2023_mc2023_track2_016.cnf,1951,525,0
../sources/cnf2tseitin/cnf/MC2023_track2-wmc_private/mc2023_mc2023_track2_090.cnf,69544,900,0
../sources/cnf2tseitin/cnf/MC2023_track2-wmc_private/mc2023_mc2023_track2_060.cnf,46657,1296,0
../sources/cnf2tseitin/cnf/MC2023_track2-wmc_private/mc2023_mc2023_track2_022.cnf,364351,475001,5640
../sources/cnf2tseitin/cnf/MC2023_track2-wmc_private/mc2023_mc2023_track2_168.cnf,17634,8169,2819
../sources/cnf2tseitin/cnf/MC2023_track2-wmc_private/mc2023_mc2023_track2_038.cnf,1975,855,0
../sources/cnf2tseitin/cnf/MC2023_track2-wmc_private/mc2023_mc2023_track2_182.cnf,788339,191522,165545
../sources/cnf2tseitin/cnf/MC2023_track2-wmc_private/mc2023_mc2023_track2_124.cnf,2394,336,0
../sources/cnf2tseitin/cnf/MC2023_track2-wmc_private/mc2023_mc2023_track2_194.cnf,208,80,0
../sources/cnf2tseitin/cnf/MC2023_track2-wmc_private/mc2023_mc2023_track2_010.cnf,17634,8169,2819
../sources/cnf2tseitin/cnf/MC2023_track2-wmc_private/mc2023_mc2023_track2_130.cnf,30129,630,0
../sources/cnf2tseitin/cnf/MC2023_track2-wmc_private/mc2023_mc2023_track2_034.cnf,47460,11825,10621
../sources/cnf2tseitin/cnf/MC2023_track2-wmc_private/mc2023_mc2023_track2_188.cnf,43118,14980,14266
../sources/cnf2tseitin/cnf/MC2023_track2-wmc_private/mc2023_mc2023_track2_036.cnf,7437,2708,2014
../sources/cnf2tseitin/cnf/MC2023_track2-wmc_private/mc2023_mc2023_track2_190.cnf,35406,23492,1317
../sources/cnf2tseitin/cnf/MC2023_track2-wmc_private/mc2023_mc2023_track2_158.cnf,20328,6912,6650
../sources/cnf2tseitin/cnf/MC2023_track2-wmc_private/mc2023_mc2023_track2_008.cnf,36291,8978,8124
../sources/cnf2tseitin/cnf/MC2023_track2-wmc_private/mc2023_mc2023_track2_132.cnf,252,90,0
../sources/cnf2tseitin/cnf/MC2023_track2-wmc_private/mc2023_mc2023_track2_144.cnf,3174,729,0
../sources/cnf2tseitin/cnf/MC2023_track2-wmc_private/mc2023_mc2023_track2_042.cnf,23842,735,0
../sources/cnf2tseitin/cnf/MC2023_track2-wmc_private/mc2023_mc2023_track2_118.cnf,124485,37821,22486
../sources/cnf2tseitin/cnf/MC2023_track2-wmc_private/mc2023_mc2023_track2_192.cnf,300,100,0
../sources/cnf2tseitin/cnf/MC2023_track2-wmc_private/mc2023_mc2023_track2_028.cnf,1693,2772,71
../sources/cnf2tseitin/cnf/MC2023_track2-wmc_private/mc2023_mc2023_track2_064.cnf,49510,14685,10179
../sources/cnf2tseitin/cnf/MC2023_track2-wmc_private/mc2023_mc2023_track2_122.cnf,101658,24946,22743
../sources/cnf2tseitin/cnf/MC2023_track2-wmc_private/mc2023_mc2023_track2_068.cnf,5216,1843,968
../sources/cnf2tseitin/cnf/MC2023_track2-wmc_private/mc2023_mc2023_track2_164.cnf,94508,48158,602
../sources/cnf2tseitin/cnf/MC2023_track2-wmc_private/mc2023_mc2023_track2_096.cnf,33051,630,0
../sources/cnf2tseitin/cnf/MC2023_track2-wmc_private/mc2023_mc2023_track2_092.cnf,1977,2190,12
../sources/cnf2tseitin/cnf/MC2023_track2-wmc_private/mc2023_mc2023_track2_146.cnf,1771,216,0
../sources/cnf2tseitin/cnf/MC2023_track2-wmc_private/mc2023_mc2023_track2_128.cnf,149118,44805,27489
../sources/cnf2tseitin/cnf/MC2023_track2-wmc_private/mc2023_mc2023_track2_148.cnf,2380,216,0
../sources/cnf2tseitin/cnf/MC2023_track2-wmc_private/mc2023_mc2023_track2_184.cnf,3159,729,0
../sources/cnf2tseitin/cnf/MC2023_track2-wmc_private/mc2023_mc2023_track2_046.cnf,43240,23153,1334
../sources/cnf2tseitin/cnf/MC2023_track2-wmc_private/mc2023_mc2023_track2_100.cnf,64001,1600,0
../sources/cnf2tseitin/cnf/MC2023_track2-wmc_private/mc2023_mc2023_track2_070.cnf,6500,5257,40
../sources/cnf2tseitin/cnf/MC2023_track2-wmc_private/mc2023_mc2023_track2_048.cnf,29402,15302,600
../sources/cnf2tseitin/cnf/MC2023_track2-wmc_private/mc2023_mc2023_track2_086.cnf,33459,630,0
../sources/cnf2tseitin/cnf/MC2023_track2-wmc_private/mc2023_mc2023_track2_004.cnf,1680,450,0
../sources/cnf2tseitin/cnf/MC2023_track2-wmc_private/mc2023_mc2023_track2_032.cnf,7345,2646,1985
../sources/cnf2tseitin/cnf/MC2023_track2-wmc_private/mc2023_mc2023_track2_054.cnf,33646,9803,2198
../sources/cnf2tseitin/cnf/MC2023_track2-wmc_private/mc2023_mc2023_track2_106.cnf,270,90,0
../sources/cnf2tseitin/cnf/MC2023_track2-wmc_private/mc2023_mc2023_track2_138.cnf,1186,222,0
../sources/cnf2tseitin/cnf/MC2023_track2-wmc_private/mc2023_mc2023_track2_112.cnf,270,90,0
../sources/cnf2tseitin/cnf/MC2023_track2-wmc_private/mc2023_mc2023_track2_170.cnf,35214,23405,1313
../sources/cnf2tseitin/cnf/MC2023_track2-wmc_private/mc2023_mc2023_track2_026.cnf,126997,50461,21516
../sources/cnf2tseitin/cnf/MC2023_track2-wmc_private/mc2023_mc2023_track2_116.cnf,71707,900,3
../sources/cnf2tseitin/cnf/MC2023_track2-wmc_private/mc2023_mc2023_track2_024.cnf,3272,279,0
../sources/cnf2tseitin/cnf/MC2023_track2-wmc_private/mc2023_mc2023_track2_098.cnf,135961,33446,30521
../sources/cnf2tseitin/cnf/MC2023_track2-wmc_private/mc2023_mc2023_track2_066.cnf,7847,6295,136
../sources/cnf2tseitin/cnf/MC2023_track2-wmc_private/mc2023_mc2023_track2_156.cnf,5216,1843,968
../sources/cnf2tseitin/cnf/MC2023_track2-wmc_private/mc2023_mc2023_track2_166.cnf,270,90,0
../sources/cnf2tseitin/cnf/MC2023_track2-wmc_private/mc2023_mc2023_track2_172.cnf,104369,25538,23374
../sources/cnf2tseitin/cnf/MC2023_track2-wmc_private/mc2023_mc2023_track2_178.cnf,3065,510,0
../sources/cnf2tseitin/cnf/MC2023_track2-wmc_private/mc2023_mc2023_track2_186.cnf,74583,145367,2175
../sources/cnf2tseitin/cnf/MC2023_track2-wmc_private/mc2023_mc2023_track2_110.cnf,1417,360,24
../sources/cnf2tseitin/cnf/MC2023_track2-wmc_private/mc2023_mc2023_track2_126.cnf,107398,54600,398
../sources/cnf2tseitin/cnf/MC2023_track2-wmc_private/mc2023_mc2023_track2_176.cnf,13248,5508,204
../sources/cnf2tseitin/cnf/MC2023_track2-wmc_private/mc2023_mc2023_track2_094.cnf,2782,304,0
../sources/cnf2tseitin/cnf/MC2023_track2-wmc_private/mc2023_mc2023_track2_136.cnf,19508,6752,5850
../sources/cnf2tseitin/cnf/MC2023_track2-wmc_private/mc2023_mc2023_track2_002.cnf,960,225,0
../sources/cnf2tseitin/cnf/MC2023_track2-wmc_private/mc2023_mc2023_track2_062.cnf,1286,160,0
../sources/cnf2tseitin/cnf/MC2023_track2-wmc_private/mc2023_mc2023_track2_160.cnf,14844,5421,132
../sources/cnf2tseitin/cnf/MC2023_track2-wmc_private/mc2023_mc2023_track2_000.cnf,17634,8169,2819
../sources/cnf2tseitin/cnf/MC2023_track2-wmc_private/mc2023_mc2023_track2_154.cnf,8050,588,0
../sources/cnf2tseitin/cnf/MC2023_track2-wmc_private/mc2023_mc2023_track2_162.cnf,208,80,0
../sources/cnf2tseitin/cnf/MC2023_track2-wmc_private/mc2023_mc2023_track2_134.cnf,270,90,0
../sources/cnf2tseitin/cnf/MC2023_track2-wmc_private/mc2023_mc2023_track2_140.cnf,208166,167025,4581
../sources/cnf2tseitin/cnf/MC2023_track2-wmc_private/mc2023_mc2023_track2_196.cnf,17546,5999,5737
../sources/cnf2tseitin/cnf/MC2023_track2-wmc_private/mc2023_mc2023_track2_080.cnf,2237,600,0
../sources/cnf2tseitin/cnf/MC2023_track2-wmc_private/mc2023_mc2023_track2_076.cnf,31730,16616,579
../sources/cnf2tseitin/cnf/MC2023_track2-wmc_private/mc2023_mc2023_track2_088.cnf,72297,43370,327
../sources/cnf2tseitin/cnf/MC2023_track2-wmc_private/mc2023_mc2023_track2_102.cnf,26490,630,0
../sources/cnf2tseitin/cnf/MC2023_track2-wmc_private/mc2023_mc2023_track2_040.cnf,3100,500,0
../sources/cnf2tseitin/cnf/MC2023_track2-wmc_private/mc2023_mc2023_track2_072.cnf,5667,2065,1060
../sources/cnf2tseitin/cnf/MC2023_track2-wmc_private/mc2023_mc2023_track2_014.cnf,96849,729,0
../sources/cnf2tseitin/cnf/MC2023_track2-wmc_private/mc2023_mc2023_track2_078.cnf,274818,2289,0
../sources/cnf2tseitin/cnf/MC2023_track2-wmc_private/mc2023_mc2023_track2_104.cnf,23004,7759,7339
../sources/cnf2tseitin/cnf/MC2023_track2-wmc_private/mc2023_mc2023_track2_056.cnf,5667,2065,1060
../sources/cnf2tseitin/cnf/MC2023_track2-wmc_public/mc2023_mc2023_track2_027.cnf,43769,84398,680
../sources/cnf2tseitin/cnf/MC2023_track2-wmc_public/mc2023_mc2023_track2_171.cnf,300,100,0
../sources/cnf2tseitin/cnf/MC2023_track2-wmc_public/mc2023_mc2023_track2_095.cnf,43780,760,0
../sources/cnf2tseitin/cnf/MC2023_track2-wmc_public/mc2023_mc2023_track2_143.cnf,19839,6973,5959
../sources/cnf2tseitin/cnf/MC2023_track2-wmc_public/mc2023_mc2023_track2_053.cnf,1374,228,0
../sources/cnf2tseitin/cnf/MC2023_track2-wmc_public/mc2023_mc2023_track2_083.cnf,899,195,0
../sources/cnf2tseitin/cnf/MC2023_track2-wmc_public/mc2023_mc2023_track2_107.cnf,252,90,0
../sources/cnf2tseitin/cnf/MC2023_track2-wmc_public/mc2023_mc2023_track2_199.cnf,2397,300,0
../sources/cnf2tseitin/cnf/MC2023_track2-wmc_public/mc2023_mc2023_track2_123.cnf,32131,25546,616
../sources/cnf2tseitin/cnf/MC2023_track2-wmc_public/mc2023_mc2023_track2_157.cnf,20266,6892,6630
../sources/cnf2tseitin/cnf/MC2023_track2-wmc_public/mc2023_mc2023_track2_191.cnf,458341,110973,102853
../sources/cnf2tseitin/cnf/MC2023_track2-wmc_public/mc2023_mc2023_track2_099.cnf,65874,16162,14651
../sources/cnf2tseitin/cnf/MC2023_track2-wmc_public/mc2023_mc2023_track2_121.cnf,29120,630,0
../sources/cnf2tseitin/cnf/MC2023_track2-wmc_public/mc2023_mc2023_track2_019.cnf,19478,824,0
../sources/cnf2tseitin/cnf/MC2023_track2-wmc_public/mc2023_mc2023_track2_167.cnf,300,100,0
../sources/cnf2tseitin/cnf/MC2023_track2-wmc_public/mc2023_mc2023_track2_195.cnf,7490695,49200,0
../sources/cnf2tseitin/cnf/MC2023_track2-wmc_public/mc2023_mc2023_track2_117.cnf,688,120,0
../sources/cnf2tseitin/cnf/MC2023_track2-wmc_public/mc2023_mc2023_track2_127.cnf,91126,2025,0
../sources/cnf2tseitin/cnf/MC2023_track2-wmc_public/mc2023_mc2023_track2_001.cnf,1680,450,0
../sources/cnf2tseitin/cnf/MC2023_track2-wmc_public/mc2023_mc2023_track2_005.cnf,3175,729,0
../sources/cnf2tseitin/cnf/MC2023_track2-wmc_public/mc2023_mc2023_track2_101.cnf,1621,380,0
../sources/cnf2tseitin/cnf/MC2023_track2-wmc_public/mc2023_mc2023_track2_087.cnf,30579,18016,349
../sources/cnf2tseitin/cnf/MC2023_track2-wmc_public/mc2023_mc2023_track2_141.cnf,129136,101712,2515
../sources/cnf2tseitin/cnf/MC2023_track2-wmc_public/mc2023_mc2023_track2_047.cnf,42876,1225,0
../sources/cnf2tseitin/cnf/MC2023_track2-wmc_public/mc2023_mc2023_track2_073.cnf,108080,784,0
../sources/cnf2tseitin/cnf/MC2023_track2-wmc_public/mc2023_mc2023_track2_011.cnf,960,225,0
../sources/cnf2tseitin/cnf/MC2023_track2-wmc_public/mc2023_mc2023_track2_007.cnf,1680,450,0
../sources/cnf2tseitin/cnf/MC2023_track2-wmc_public/mc2023_mc2023_track2_169.cnf,260,100,0
../sources/cnf2tseitin/cnf/MC2023_track2-wmc_public/mc2023_mc2023_track2_105.cnf,2746,267,0
../sources/cnf2tseitin/cnf/MC2023_track2-wmc_public/mc2023_mc2023_track2_059.cnf,7345,2918,2057
../sources/cnf2tseitin/cnf/MC2023_track2-wmc_public/mc2023_mc2023_track2_181.cnf,300,100,0
../sources/cnf2tseitin/cnf/MC2023_track2-wmc_public/mc2023_mc2023_track2_193.cnf,3100,500,0
../sources/cnf2tseitin/cnf/MC2023_track2-wmc_public/mc2023_mc2023_track2_079.cnf,8311,3045,1528
../sources/cnf2tseitin/cnf/MC2023_track2-wmc_public/mc2023_mc2023_track2_045.cnf,7776,6313,125
../sources/cnf2tseitin/cnf/MC2023_track2-wmc_public/mc2023_mc2023_track2_179.cnf,32839,25528,642
../sources/cnf2tseitin/cnf/MC2023_track2-wmc_public/mc2023_mc2023_track2_165.cnf,59455,19533,17473
../sources/cnf2tseitin/cnf/MC2023_track2-wmc_public/mc2023_mc2023_track2_081.cnf,55671,13808,12301
../sources/cnf2tseitin/cnf/MC2023_track2-wmc_public/mc2023_mc2023_track2_161.cnf,240,80,0
../sources/cnf2tseitin/cnf/MC2023_track2-wmc_public/mc2023_mc2023_track2_153.cnf,22689,17918,133
../sources/cnf2tseitin/cnf/MC2023_track2-wmc_public/mc2023_mc2023_track2_119.cnf,270,90,0
../sources/cnf2tseitin/cnf/MC2023_track2-wmc_public/mc2023_mc2023_track2_159.cnf,338758,81984,75260
../sources/cnf2tseitin/cnf/MC2023_track2-wmc_public/mc2023_mc2023_track2_093.cnf,11654,9455,193
../sources/cnf2tseitin/cnf/MC2023_track2-wmc_public/mc2023_mc2023_track2_037.cnf,6742,2324,0
../sources/cnf2tseitin/cnf/MC2023_track2-wmc_public/mc2023_mc2023_track2_189.cnf,10619,2569,644
../sources/cnf2tseitin/cnf/MC2023_track2-wmc_public/mc2023_mc2023_track2_017.cnf,16121,1076,0
../sources/cnf2tseitin/cnf/MC2023_track2-wmc_public/mc2023_mc2023_track2_097.cnf,10545,729,0
../sources/cnf2tseitin/cnf/MC2023_track2-wmc_public/mc2023_mc2023_track2_015.cnf,19927,11934,291
../sources/cnf2tseitin/cnf/MC2023_track2-wmc_public/mc2023_mc2023_track2_009.cnf,26244,9532,8643
../sources/cnf2tseitin/cnf/MC2023_track2-wmc_public/mc2023_mc2023_track2_133.cnf,133080,900,0
../sources/cnf2tseitin/cnf/MC2023_track2-wmc_public/mc2023_mc2023_track2_033.cnf,27021,6772,6012
../sources/cnf2tseitin/cnf/MC2023_track2-wmc_public/mc2023_mc2023_track2_065.cnf,24593,6139,5461
../sources/cnf2tseitin/cnf/MC2023_track2-wmc_public/mc2023_mc2023_track2_175.cnf,132032,6467,208
../sources/cnf2tseitin/cnf/MC2023_track2-wmc_public/mc2023_mc2023_track2_061.cnf,32539,9556,2080
../sources/cnf2tseitin/cnf/MC2023_track2-wmc_public/mc2023_mc2023_track2_025.cnf,6674,2649,1905
../sources/cnf2tseitin/cnf/MC2023_track2-wmc_public/mc2023_mc2023_track2_055.cnf,36324,10396,2473
../sources/cnf2tseitin/cnf/MC2023_track2-wmc_public/mc2023_mc2023_track2_043.cnf,7949,6382,137
../sources/cnf2tseitin/cnf/MC2023_track2-wmc_public/mc2023_mc2023_track2_031.cnf,1898,272,0
../sources/cnf2tseitin/cnf/MC2023_track2-wmc_public/mc2023_mc2023_track2_115.cnf,78082,20192,12696
../sources/cnf2tseitin/cnf/MC2023_track2-wmc_public/mc2023_mc2023_track2_021.cnf,11636,522,0
../sources/cnf2tseitin/cnf/MC2023_track2-wmc_public/mc2023_mc2023_track2_151.cnf,12692,450,4
../sources/cnf2tseitin/cnf/MC2023_track2-wmc_public/mc2023_mc2023_track2_041.cnf,79326,133987,1056
../sources/cnf2tseitin/cnf/MC2023_track2-wmc_public/mc2023_mc2023_track2_155.cnf,158329,38321,35377
../sources/cnf2tseitin/cnf/MC2023_track2-wmc_public/mc2023_mc2023_track2_125.cnf,234,90,0
../sources/cnf2tseitin/cnf/MC2023_track2-wmc_public/mc2023_mc2023_track2_185.cnf,10530,729,0
../sources/cnf2tseitin/cnf/MC2023_track2-wmc_public/mc2023_mc2023_track2_069.cnf,8184,3002,2191
../sources/cnf2tseitin/cnf/MC2023_track2-wmc_public/mc2023_mc2023_track2_075.cnf,2152,586,243
../sources/cnf2tseitin/cnf/MC2023_track2-wmc_public/mc2023_mc2023_track2_163.cnf,2753207,22110,0
../sources/cnf2tseitin/cnf/MC2023_track2-wmc_public/mc2023_mc2023_track2_023.cnf,7687,3012,2089
../sources/cnf2tseitin/cnf/MC2023_track2-wmc_public/mc2023_mc2023_track2_029.cnf,3100,500,0
../sources/cnf2tseitin/cnf/MC2023_track2-wmc_public/mc2023_mc2023_track2_139.cnf,252,90,0
../sources/cnf2tseitin/cnf/MC2023_track2-wmc_public/mc2023_mc2023_track2_035.cnf,6675,2374,1447
../sources/cnf2tseitin/cnf/MC2023_track2-wmc_public/mc2023_mc2023_track2_135.cnf,9201,510,0
../sources/cnf2tseitin/cnf/MC2023_track2-wmc_public/mc2023_mc2023_track2_049.cnf,12460,2701,0
../sources/cnf2tseitin/cnf/MC2023_track2-wmc_public/mc2023_mc2023_track2_197.cnf,26693,13793,184
../sources/cnf2tseitin/cnf/MC2023_track2-wmc_public/mc2023_mc2023_track2_057.cnf,32905,9636,2120
../sources/cnf2tseitin/cnf/MC2023_track2-wmc_public/mc2023_mc2023_track2_051.cnf,8832,7805,32
../sources/cnf2tseitin/cnf/MC2023_track2-wmc_public/mc2023_mc2023_track2_085.cnf,13716,10908,231
../sources/cnf2tseitin/cnf/MC2023_track2-wmc_public/mc2023_mc2023_track2_145.cnf,1793,216,7
../sources/cnf2tseitin/cnf/MC2023_track2-wmc_public/mc2023_mc2023_track2_003.cnf,3239,354,0
../sources/cnf2tseitin/cnf/MC2023_track2-wmc_public/mc2023_mc2023_track2_109.cnf,270,90,0
../sources/cnf2tseitin/cnf/MC2023_track2-wmc_public/mc2023_mc2023_track2_177.cnf,37529,16585,349
../sources/cnf2tseitin/cnf/MC2023_track2-wmc_public/mc2023_mc2023_track2_039.cnf,14515,6559,95
../sources/cnf2tseitin/cnf/MC2023_track2-wmc_public/mc2023_mc2023_track2_129.cnf,15616,900,0
../sources/cnf2tseitin/cnf/MC2023_track2-wmc_public/mc2023_mc2023_track2_187.cnf,38795,1003,0
../sources/cnf2tseitin/cnf/MC2023_track2-wmc_public/mc2023_mc2023_track2_067.cnf,35406,23492,1317
../sources/cnf2tseitin/cnf/MC2023_track2-wmc_public/mc2023_mc2023_track2_183.cnf,66506,35232,857
../sources/cnf2tseitin/cnf/MC2023_track2-wmc_public/mc2023_mc2023_track2_091.cnf,11279,9368,194
../sources/cnf2tseitin/cnf/MC2023_track2-wmc_public/mc2023_mc2023_track2_173.cnf,9248,1200,0
../sources/cnf2tseitin/cnf/MC2023_track2-wmc_public/mc2023_mc2023_track2_077.cnf,13745,10926,227
../sources/cnf2tseitin/cnf/MC2023_track2-wmc_public/mc2023_mc2023_track2_137.cnf,182142,146160,3991
../sources/cnf2tseitin/cnf/MC2023_track2-wmc_public/mc2023_mc2023_track2_149.cnf,314763,76947,69532
../sources/cnf2tseitin/cnf/MC2023_track2-wmc_public/mc2023_mc2023_track2_131.cnf,6819,330,0
../sources/cnf2tseitin/cnf/MC2023_track2-wmc_public/mc2023_mc2023_track2_063.cnf,119046,191147,976
../sources/cnf2tseitin/cnf/MC2023_track2-wmc_public/mc2023_mc2023_track2_013.cnf,3282,1627,41
../sources/cnf2tseitin/cnf/MC2023_track2-wmc_public/mc2023_mc2023_track2_103.cnf,270,90,0
../sources/cnf2tseitin/cnf/MC2023_track2-wmc_public/mc2023_mc2023_track2_071.cnf,36121,19020,602
../sources/cnf2tseitin/cnf/MC2023_track2-wmc_public/mc2023_mc2023_track2_089.cnf,129149,205198,1176
../sources/cnf2tseitin/cnf/MC2023_track2-wmc_public/mc2023_mc2023_track2_113.cnf,2166,240,0
../sources/cnf2tseitin/cnf/MC2023_track2-wmc_public/mc2023_mc2023_track2_147.cnf,110593,2304,0
../sources/cnf2tseitin/cnf/MC2023_track2-wmc_public/mc2023_mc2023_track2_111.cnf,59250,21542,18540
